density,formation_energy_per_atom,energy_above_hull,row_numbers,group_numbers,is_magnetic,is_metal
6.748691045089812,-0.006879308333334204,0.03304997416666344,10,5,0,1
6.781411421394513,-0.01975081833334021,0.02017846416665714,10,5,0,1
6.791641239563196,-0.006998733333333007,0.03293054916666449,10,5,0,1
9.109129867325775,-3.634369269999996,0.0,9,19,0,0
8.698073655591466,0.07776153812499587,0.2133400287499967,12,14,0,1
10.10750288448455,-0.12539605229167705,0.13170126291666406,13,14,0,1
8.513907951860771,-0.032191966458334775,0.06833016416666737,12,15,0,1
8.600356501228827,0.1274719668749995,0.1274719668749995,13,6,1,1
9.27794537808979,0.1725088818750038,0.1725088818750038,13,6,1,1
7.307826775366824,-0.22682963583334015,0.7025351300000011,10,20,0,1
8.090113400875609,0.4506825956249969,0.4506825956249969,11,9,1,1
8.42104366462826,0.06687583312499612,0.06687583312499612,13,6,0,1
8.452892521981868,0.07069343312500109,0.07069343312500109,13,6,0,1
7.958048350154888,-0.2464609893750005,0.36653497791666734,12,20,0,1
7.728659383101937,0.032081053125004644,0.032081053125004644,13,6,0,1
8.679980294323821,0.07435272562500472,0.07435272562500472,13,6,0,1
9.377220856369709,0.6916704356249994,0.6916704356249994,12,9,1,1
9.016807444368908,0.5568038581250008,0.5568038581250008,12,8,0,1
8.833790548115585,-0.3817198231250032,0.0,12,17,0,1
8.254063492955588,0.3996687147916731,0.3996687147916731,11,7,0,1
8.621865772366718,0.0723079489583327,0.0723079489583327,13,6,0,1
8.3089785939614,0.49425355062500387,0.49425355062500387,11,8,1,1
7.532052286652469,0.058625999375003346,0.058625999375003346,12,6,0,1
8.386482896353064,0.07822969270833369,0.16834704333333406,11,15,0,1
8.51561675128976,0.26751497562500504,0.26751497562500504,12,7,0,1
8.44562670528105,0.27438330562500113,0.27438330562500113,12,7,0,1
9.03733750389757,-0.27115698125000165,0.0,12,14,0,1
8.690928298442326,0.14114316562499596,0.14114316562499596,13,6,0,1
8.600180790665805,0.14289171312499604,0.14289171312499604,13,6,0,1
8.533131153955376,0.07628107687499863,0.07628107687499863,13,6,1,1
8.541776627818674,0.07124375937500105,0.07124375937500105,13,6,0,1
8.909680596172521,0.07535548687500437,0.07535548687500437,13,6,1,1
8.787879077937266,-4.465113352499998,0.004654172500000442,9,20,0,0
8.793764902943147,-4.469767524999998,0.0,9,20,0,0
7.345135733071883,-0.6843335983333342,0.0,8,4,0,1
7.784733821859042,-0.6718020309374992,0.0,8,4,0,0
7.173638101326436,0.03203310374999546,0.03203310374999546,13,6,0,1
6.793603205833718,0.025576441875003297,0.025576441875003297,13,6,0,1
5.928424529603138,-0.05989392374999625,0.0,10,5,0,1
4.364696452825614,-0.03154787937499748,0.0,10,5,0,1
3.533703416880433,-0.05941059875000013,0.0,10,5,0,1
8.01361833485228,-1.3225631381249983,0.0,9,18,0,0
9.5378414615304,0.5851438668750006,0.5851438668750006,12,8,0,1
7.222751365085316,0.03740125499999891,0.03740125499999891,13,6,0,1
8.627683228517736,-2.839377307083339,0.18926375124999595,9,19,0,1
7.395099213769491,0.04209530250000171,0.04209530250000171,13,6,0,1
6.963544360654057,0.042426806874999556,0.042426806874999556,13,6,0,1
7.4959210739849835,-1.2020438786718763,0.00487188500000002,11,19,0,1
7.684886951888176,0.04745785312499606,0.04745785312499606,13,6,0,1
8.302057251879335,0.07087070812499974,0.07087070812499974,13,6,0,1
7.79355066595012,-1.018373454375002,0.0,12,19,0,1
10.154090026482757,0.1678758637499982,0.1678758637499982,14,6,0,1
5.699300425239347,0.09506913062499223,0.09506913062499223,12,6,0,1
5.67970714526338,0.09855468562499681,0.09855468562499681,12,6,0,1
8.762918242663323,-0.8391111491666668,0.0,7,28,0,1
12.04099188665414,0.05466904416666788,0.05466904416666907,11,23,0,1
7.163037725930793,-0.3141996186111082,0.0,7,27,0,1
8.614878187275739,-0.1949094102777765,0.11929020833333182,7,27,0,1
6.748306298659036,-0.04112607593750065,0.07692717166666796,8,27,0,1
6.374803924267926,-0.10594566093750046,0.012107586666665782,8,27,0,0
6.512238384867619,-0.11448917260416636,0.003564074999999889,8,27,0,0
6.046580348456434,-0.10471481093750157,0.013338436666664677,8,27,0,0
6.093478394225378,-0.22268068548611097,0.004851448333333508,8,27,0,1
6.422762894340639,-0.10813463427083292,0.009918613333333326,8,27,0,0
6.996038716042829,-0.02402979593749895,0.09402345166666848,8,27,0,1
6.3750554217582565,-0.10744564760416608,0.010607600000000161,8,27,0,0
6.675568024896398,-0.11805324760416624,0.0,8,27,0,0
6.765301369156814,-0.08382523927083459,0.03422800833333284,8,27,0,0
6.697040973874489,-0.11803297760416598,2.0270000000266464e-05,8,27,0,0
6.45649477801871,-0.029133359270834564,0.08891988833333286,8,27,0,0
7.248676656330144,-0.19225719522569307,0.02534362000000101,9,27,0,0
7.323513446110628,-0.09186817689235956,0.12573263833333437,9,27,0,1
7.874681915409464,-0.17780315189236262,0.03979766333333146,9,27,0,1
7.625642844780926,-0.051721933333335336,0.04346793833333251,10,27,0,1
7.95531965479629,-0.053214175000003174,0.041975696666664675,10,27,0,1
8.97010786009527,0.09439199874999815,0.09439199874999815,9,26,0,1
12.44105590633127,-0.06171368874999672,0.0,11,22,0,1
12.434135258203163,-0.06130366124999753,0.0004100274999991882,11,22,0,1
9.99742337012961,0.1420431762500014,0.1420431762500014,11,26,0,1
8.963697780882413,0.08377575375000035,0.08377575375000035,9,25,0,1
9.121116272495343,0.09973090625000225,0.09973090625000225,9,25,0,1
9.016287402287896,0.10019832625000191,0.10019832625000191,9,25,0,1
11.815232843801287,0.03182462187499979,0.03182462187499979,11,23,0,1
8.957016366320707,0.9805402187500007,0.9805402187500007,7,26,0,1
8.421605195423677,0.20542232584686104,0.22011171022727183,8,26,0,1
10.17271022464034,0.14214760000000126,0.14214760000000126,11,25,0,1
10.728137772596519,-0.0667762912499974,0.0,10,21,0,1
12.906863305766075,-0.020391218749995943,0.020805422500000503,11,21,0,1
10.335685136954602,0.22892486250000132,0.22892486250000132,10,20,0,1
10.45814057581765,0.2216487425000011,0.2216487425000011,10,20,0,1
8.989131441280312,0.0873648650000014,0.0873648650000014,10,26,0,1
9.121196488250495,0.0508994350000016,0.0508994350000016,10,26,0,1
9.054311103109846,0.100666425,0.100666425,10,25,0,1
12.210690699583381,0.8676603425000025,0.8676603425000025,11,17,1,1
7.941189801728027,0.22395200416666583,0.22395200416666583,9,26,0,1
14.444606395462564,-0.046850372500003346,0.016448837500007585,11,22,0,1
14.53896486670291,-0.062225997500000574,0.0010732125000103565,11,22,0,1
16.57513603963357,-0.06313574375000286,0.0017489875000009647,11,22,0,1
16.57198585092049,-0.06488473125000382,0.0,11,22,0,1
6.668703845978472,0.5238218649999998,0.5238218650000004,7,24,0,1
6.6604231893666155,-0.28276032750000013,0.22163922500000055,9,28,0,0
6.444350901853475,-0.5043995525000007,0.0,9,28,0,0
6.2451636235626085,-0.4628605324999988,0.04153902000000187,9,28,0,0
5.1336931028898825,-0.4738941825000005,0.030505370000000198,9,28,0,0
7.829370446328863,2.241655820416667,2.241655820416667,7,25,0,1
6.576176098332642,2.2638732154166674,2.2638732154166674,7,25,0,1
6.542021510073919,2.2510002504166673,2.2510002504166673,7,25,0,1
5.582622712233539,-0.5684399337500015,0.0,8,28,0,0
5.433843026115748,-0.5571698837500012,0.011270050000000253,8,28,0,0
5.833978324235664,-0.53989523125,0.028544702500001407,8,28,0,0
5.877178819441274,-0.431709863750001,0.13673007000000048,8,28,0,0
7.067923081136195,-1.1238022562500003,0.0,7,28,0,1
5.487610104183603,-1.2787372983333327,0.03446712749999925,7,28,0,1
6.860004287321993,0.28528358208333415,0.28528358208333415,9,25,0,1
7.757016317640359,0.1208983966666679,0.1208983966666679,6,12,0,0
12.438795681727514,0.08535895416666506,0.08535895416666506,11,23,0,1
12.889389675443114,0.1129614870833322,0.1129614870833322,11,23,0,1
0.5321381835694491,0.3305375391666676,0.8236205699999999,10,28,0,0
5.492736317536004,-0.4904691558333343,0.0026138749999979893,10,28,0,0
6.804927293483764,-0.10034577083333263,0.39273725999999964,10,28,0,1
6.6422056414720885,-0.3980661108333323,0.09501691999999995,10,28,0,0
5.513316054259084,-0.49067647583333196,0.00240655500000031,10,28,0,0
5.868414368244994,-0.4866639558333321,0.006419075000000163,10,28,0,0
6.689685269394208,-0.3874663808333323,0.10561664999999998,10,28,0,0
5.320322248904008,-0.4892245058333322,0.003858525000000057,10,28,0,0
5.145414428420103,-0.3333591438888881,0.0,10,28,0,1
15.46694780888715,0.3567435566666646,0.3567435566666646,11,20,0,1
6.67560166843368,1.5494896491666665,1.5494896491666665,7,26,0,1
7.9926340665769695,1.5444263791666675,1.5444263791666675,7,26,0,1
8.229639302256075,1.4197042641666666,1.4197042641666666,7,26,0,1
4.802481289392578,1.9196186741666672,1.9196186741666672,7,26,0,1
8.522483686675045,1.6518583891666676,1.6518583891666676,7,26,0,1
8.118960175545979,1.4292424741666672,1.4292424741666672,7,26,0,1
7.138368094620299,-0.4349087645833314,0.005511642500000136,7,27,0,1
6.803873473451433,-0.43170114208333166,0.008719264999999865,7,27,0,1
6.730482161807199,-0.4404204070833315,0.0,7,27,0,1
7.128585428207505,-0.4377841845833319,0.0026362224999996187,7,27,0,1
6.3241740485333695,-0.13172694958333198,0.30869345749999955,7,27,0,1
4.736419902247412,0.3941640677777786,0.7044876599999994,7,27,1,1
10.637230010847395,0.08509275833333874,0.08509275833333874,11,25,0,1
11.088973890324937,-0.06563816750000129,0.0069558550000010655,10,21,0,1
11.118166798836851,-0.07259402250000235,0.0,10,21,0,1
15.640596936006565,-0.0823932825,0.0,11,21,0,1
15.662035058541445,-0.07927696750000024,0.0031163149999997586,11,21,0,1
17.89164822597189,0.030191862916659318,0.07138850416666287,11,21,0,1
18.889324557971843,-0.024214919000002055,0.008742394000002207,11,21,0,1
10.893824043721382,0.2633054166666682,0.2633054166666682,10,20,1,1
5.811062404994471,-0.14304880700520695,0.1021692241666674,9,27,0,1
6.533483016971941,0.023143023125001605,0.05883922499999983,10,27,0,1
7.154520158830463,-0.017118973749997934,0.01857722812500029,10,27,0,1
7.698281279708587,-0.4950939733333352,0.0,9,24,0,1
4.004613179778768,-0.05815897999999938,0.15449800333333386,7,24,0,1
4.15061559653069,-0.21265698333333324,0.0,7,24,0,1
4.533902325917434,-0.16506810666666638,0.04758887666666567,7,24,0,1
2.520648916971109,-0.14010060916666647,1.7621046005555563,5,29,0,1
2.8346766909140633,-3.1811481644999993,0.24282121300000004,5,29,0,0
3.7626575978484613,-3.3208908935000006,0.1030784839999992,5,29,0,0
9.810988203359589,-0.670291663333335,0.0,9,21,0,0
5.189395022185069,-0.6445759866666663,0.03568099574073891,8,23,0,1
8.06122201951167,-0.9896899633333286,0.0,9,23,0,1
6.260821543423772,-0.7613669216666684,0.019733673333332646,8,21,0,1
6.245654124184848,-0.7811005950000004,0.0,8,21,0,0
3.800187770006927,0.31592689833333526,0.3159268983333341,8,27,0,1
4.275531933288259,0.024578678333333197,0.02457867833333438,7,25,0,1
4.6112324372586855,0.04710001012499987,0.0712581868749993,8,24,0,1
3.6853986222098376,0.05012713687500181,0.36364852500000033,7,28,0,1
6.933301201630009,-0.16801084750000328,0.20330963249999812,9,24,0,1
4.328260596477741,0.13682523750000009,0.13682523750000009,8,25,0,1
3.8038661764616606,-0.156632639999998,0.0,7,19,1,1
3.9705585803335137,-0.06324690249999954,0.0962458349999995,7,24,0,1
4.1367644621742246,-0.1030184899999993,0.05647424749999974,7,24,0,1
4.771500013789294,-0.19531484999999976,0.029272975999999673,7,24,0,1
3.9010362532676184,0.043444177500000514,0.043444177500000514,7,26,0,1
3.715648585671171,0.09748668375000058,0.09748668375000058,7,27,0,1
2.3179876952977247,0.38853222406249976,0.4130762516666664,4,14,0,1
4.883766094782531,-0.6442166279999995,0.0,7,23,0,1
11.214743816122077,-0.5958528140000027,0.007409683000005884,9,21,0,1
5.060168793949575,-0.3517151540625001,0.16157716312500092,8,23,0,1
6.1383003841829415,-0.8123409159999995,0.0,8,23,0,1
7.452115543021319,-0.504874686406243,0.24511516390625232,9,23,0,1
9.835325255848748,-1.102624861999999,0.0,9,23,0,1
5.985448525409189,-0.5328650539999984,0.24242602000000169,8,21,0,1
6.946998862871915,-0.7752910740000004,0.0,8,21,0,1
4.254768973516464,0.1583538662499997,0.1583538662499997,8,27,0,1
4.2388881578165725,0.16322746125000087,0.16322746125000087,8,27,0,1
5.147889414826838,-0.35496799250000066,0.05980408690475869,8,20,0,1
5.464644799301861,-0.2071280693333307,0.22666661428571366,8,20,0,1
5.739296558237878,0.28470361666666477,0.28470361666666477,9,26,0,1
3.6767798172815347,-0.2053023699999983,0.13859146500000108,7,18,1,1
3.7982548444795543,-0.34389383499999937,0.0,7,18,0,1
3.887623150455881,0.036298491250000176,0.036298491250000176,7,25,0,1
2.8352485189889616,0.11491430399999984,0.11491430399999913,6,27,0,1
6.819245943325724,-0.02998595250000058,0.01833040100000005,8,24,0,1
8.170901523456344,-0.05676564666666669,0.007656157999999635,8,24,0,1
8.320607458548649,0.018319204250001775,0.09079373450000006,8,24,0,1
8.671245147627953,0.01559775406666688,0.07357737826666977,8,24,0,1
4.549895623815901,-0.37874527125000057,0.24829750500000003,7,28,0,1
3.701817725841658,-0.6270427762500006,0.0,7,28,0,0
3.7086456053404624,-0.6196376862499999,0.007405090000000669,7,28,0,0
4.263957747543094,-0.001772031250000694,0.6252707449999999,7,28,0,1
4.554370687206563,-0.3506288912500004,0.2764138850000002,7,28,0,1
11.097747367525407,-0.2707863125000003,0.15219490000000135,9,24,0,1
14.216788466360812,-0.31741169666666735,0.015901574166669263,9,24,0,1
14.968187302681958,-0.1525888259999988,0.07175598050000076,9,24,0,1
3.1921312939162143,-0.05041312166666619,0.01683494079999992,5,26,0,1
5.843468147794531,0.06617068999999987,0.06617068999999987,9,28,0,1
9.301753133620576,0.19477012250000003,0.19477012250000003,9,28,0,1
3.1696361574580036,2.7094129718749995,2.7493454807812503,5,27,0,1
7.035827706738082,0.11532127250000102,0.11532127250000102,8,25,0,1
2.691596107270746,-0.7835284556249995,0.9092778137500002,6,30,0,1
6.3656854616754375,-0.556456129999999,0.0,7,22,0,1
7.406343710362048,-0.15542592999999805,0.12280213500000059,7,22,1,1
7.594940255047482,-0.007462145000000931,0.2151203069999994,7,22,1,1
5.73337323553684,0.07268553333333709,0.14230004000000207,7,19,0,1
5.870884090603154,0.03520982999999944,0.10482433666666502,7,19,0,1
5.581466500966712,-0.16842285199999907,0.07406123800000053,7,24,0,1
7.509000821909955,-0.19345201249999988,0.008516517500000376,7,24,0,1
7.501022414266687,-0.18091732749999956,0.0210512025000007,7,24,0,1
3.0152509882222454,-3.8581904656250003,0.009358996249999585,5,30,0,0
5.969529360107075,-0.3268870149999996,0.0,7,21,1,1
4.614313908264683,0.4610210800000001,0.7879080949999997,7,21,1,1
6.117735277214223,-0.10484484166666637,0.1367129466666661,7,21,1,1
6.093348966420929,-0.1413375566666666,0.1002202316666656,7,21,1,1
6.701241054958837,-0.19889317499999937,0.0,7,21,1,1
6.650598911513688,-0.08600655999999951,0.11288661499999986,7,21,1,1
6.710751133839217,-0.16353936749999942,0.035353807499999945,7,21,1,1
6.955049356592048,-0.06280749599999921,0.09630704400000134,7,21,1,1
5.743606581348054,0.12463076500000092,0.12463076500000092,7,26,0,1
5.427653196999068,0.25098583874999925,0.25098583874999925,7,27,0,1
13.554700780623982,-1.0706027599999999,0.0,9,22,0,1
3.421648366361545,-1.5643819418749985,0.11529023000000116,5,28,0,0
4.041045569153921,-1.5076695343749993,0.17200263750000033,5,28,0,0
3.2668131674492025,-1.658923009375,0.020749162499999585,5,28,0,0
3.200889713142437,-1.6796721718749996,0.0,5,28,0,0
5.712371063731962,-0.43824211999999996,0.24665903,7,23,0,1
6.060902167304869,-0.6581211049999993,0.02678004500000064,7,23,0,1
6.083259310291866,-0.68490115,0.0,7,23,0,1
7.148100740005991,-0.49006443166666597,0.027575857500000467,7,23,0,1
7.71114783966961,-0.4264197774999996,0.0,7,23,1,1
7.6646890282158155,-0.35436974749999983,0.07205002999999977,7,23,0,1
3.1824419169671163,-1.54996427875,1.3033435358333332,5,29,0,1
3.34037363811511,-2.5573344016666657,0.38628586515151664,5,29,1,1
3.6239183088267297,-2.668364219999999,0.27525604681818283,5,29,1,0
13.386756274388759,-0.49013171,0.012587037500004783,9,21,0,1
2.3481923106714797,-0.737248783988095,0.0,6,28,0,0
2.347986071086355,-0.732814428988096,0.004434354999999002,6,28,0,0
9.222350772133199,0.15609637499999707,0.15609637499999707,9,27,0,1
7.803437664358965,-0.8978085200000017,0.037793284999999344,8,23,0,1
9.883613000969207,-0.6016243325000019,0.04402146750000213,8,23,0,1
12.479670714638052,-1.0202833712499988,0.11073247875000192,9,23,0,1
17.271906288275805,-0.739235739999998,0.01388988312499606,9,23,0,1
12.322002204711783,-0.07683279624999884,0.3053620925000011,9,20,0,1
12.52322873576359,-0.38219488874999996,0.0,9,20,0,1
15.507390075763249,-0.3230228749999971,0.0,9,20,0,1
8.17216802301044,-1.1774866100000008,0.0,8,22,0,1
8.014834031012581,-0.7284091325000013,0.0,8,21,0,1
4.178128601351843,-0.24409026249999854,0.008885222500001788,8,28,0,0
5.13244606627408,-0.06518077750000018,0.18779470750000016,8,28,0,1
5.225053136605902,-0.014394015000000593,0.23858146999999974,8,28,0,1
4.175546636123753,-0.25297548500000033,0.0,8,28,0,0
2.920306860855885,0.30320785999999966,0.30320785999999966,6,27,0,1
4.793270592807986,0.2070903175000005,0.2070903175000005,8,27,0,1
8.861367365024536,-0.4676126466666659,0.0,8,20,0,1
4.613582749090788,-0.28638329500000026,0.0,7,18,0,1
5.158118530756612,-0.18311095666666688,0.025035380833333676,7,18,0,1
5.326066777883863,-0.12651598625000027,0.042511872500000436,7,18,0,1
11.02793169102378,-0.30389278500000216,0.0,10,23,0,0
8.23119467448224,-0.4567363066666677,0.0,9,23,0,0
4.9413051245689905,0.04631257177083133,0.1523789927083321,7,31,0,1
5.7470409429292495,0.055262700173611755,0.13492426277777803,8,31,0,1
10.834820174343976,-0.0615726266666646,0.015735597916663124,10,21,0,1
10.051709605601104,0.6065746840624975,0.6645558524999977,10,21,0,1
4.494692209277933,0.0830866058333335,0.0830866058333335,7,30,0,1
3.8117002917021154,0.05907249583333396,0.05907249583333396,7,30,0,0
10.562237728385528,-0.15588994150000132,0.15198398425000192,9,25,0,1
16.952378926008883,0.022696333437501437,0.25046314718750295,10,25,0,1
10.082107316088884,-0.5298349875000005,0.0,9,24,0,1
9.644302410870814,-0.11802120760416794,0.0,9,27,0,0
14.059645013161123,0.30873840124999674,0.4232615006250029,10,28,0,1
13.659102334048981,0.2805039118750017,0.4126049237500027,9,28,0,1
5.0538949344254,-0.10291934520833006,0.16792632291667076,10,28,0,1
12.95637362834994,2.24747487625,2.24747487625,8,25,0,1
11.553450581911113,1.8776272787499995,1.8776272787499995,8,25,0,1
9.954094866193968,2.1137721462499997,2.1137721462499997,8,25,0,1
4.240266569128748,1.543402631666666,1.543402631666666,8,25,0,0
7.0272062748606405,0.09141698374999763,0.35561900749999964,9,28,0,1
5.719088122615026,-0.00806939125000028,0.25613263250000173,9,28,0,0
5.724678674125931,-0.23935242500000165,0.0,11,28,0,1
11.3292425490154,1.540296207499999,1.540296207499999,8,26,0,1
13.760665771601042,1.5102573925000016,1.5102573925000016,8,26,0,1
8.133820606952158,0.43068015166666856,0.43068015166667095,8,26,0,1
8.32725904758751,0.05682898976562356,0.1453448954687495,9,27,0,1
5.518603388852944,0.5642467088020785,0.6232573126041672,9,27,0,1
10.558475426501298,0.11215992046875556,0.2523789950000008,10,27,0,1
9.172416104975438,-0.14021907453124527,0.0,10,27,0,0
10.893524124301644,0.6686477705555541,0.6686477705555554,8,24,0,1
7.127533196551009,-0.4486411166666689,0.0,7,19,0,1
7.328282782684588,-0.2925361850000006,0.15610493166666828,7,19,0,1
2.1533364759270577,-0.5862686162500014,0.9245854276388883,4,29,0,1
12.756888100747016,-0.234607971666667,0.0,8,21,0,1
15.748413437816392,-0.12395030716665474,0.058685564083333475,8,23,0,1
7.562997242704445,-0.3083382666666689,0.0,7,21,0,1
12.751833555707151,-0.06322849249999744,0.25751036000000127,8,19,0,1
5.087631340714321,-0.04163711479166565,0.08038976749999982,6,28,0,0
5.097157656422205,-0.03250946729166593,0.08951741499999954,6,28,0,0
10.933355715229085,0.8404483029166663,0.8404483029166663,8,24,0,1
15.313582976830038,0.8769440827083343,0.8769440827083343,8,24,0,1
0.8817167968689347,0.5973668766666664,0.6600824326041677,4,27,0,1
2.7976158746225206,0.49991762416666674,0.562633180104168,4,27,0,1
3.2612329021534134,0.25867318555555485,0.27957837086805526,4,27,0,1
3.258312242793307,0.22941742222222197,0.2503226075347218,4,27,0,1
3.2565269506759633,0.2526929372222213,0.2735981225347217,4,27,0,1
15.562165595548212,-0.2150474412500003,0.0,8,22,0,1
8.593201429866967,-0.5133475087500017,0.010615728750000386,7,19,0,1
9.217874793885146,-0.32216311416666815,0.02714571083333084,7,19,0,1
1.3764614522857495,-0.607403310625001,0.8055756825000007,4,28,0,0
3.12008953568589,-1.1112567439583347,0.3017222491666658,4,28,0,0
2.2532680394958406,-1.4129261906250008,5.280250000083697e-05,4,28,0,0
3.4576935621325986,-1.335625025625001,0.07735396750000056,4,28,0,0
3.452005209051759,-1.3182748731250022,0.09470411999999939,4,28,0,0
3.471160043488049,1.149024144374998,2.5620031374999996,4,28,0,1
2.246711413298581,-1.4129789931250016,0.0,4,28,0,0
2.2181499945001466,-1.4112335681250006,0.0017454250000010774,4,28,0,0
2.1744066600975556,-1.4116915706250008,0.001287422500000801,4,28,0,0
2.4980374883647456,-1.3147968256250024,0.0981821674999992,4,28,0,0
2.0636357095100375,-1.4052741006250002,0.007704892500001392,4,28,0,0
1.956240948754851,-1.4072748981250012,0.005704095000000464,4,28,0,0
16.107045897635842,-0.27235545625000057,0.0,8,21,0,1
2.979764368566962,-0.4692279302380964,0.014076364999999313,5,28,0,0
2.9813687825821957,-0.4833042952380957,0.0,5,28,0,0
9.719012841300927,-0.2753380958333362,0.0,7,23,0,1
9.80420016098134,0.004238579750000327,0.2419539392499992,7,23,0,1
10.435381996644738,-0.08821138208333441,0.13249513083333042,7,23,0,1
14.38971917085515,0.0415080483333341,0.19370460770833375,8,23,0,1
15.519282246671516,0.0562635162499987,0.20846007562499835,8,23,0,1
17.31379483581424,-0.20292874583332812,0.0,8,23,0,1
8.828158977086561,-0.21550480874999778,0.21355027500000112,7,22,0,1
9.336167613158457,-0.4290550837499989,0.0,7,22,0,1
5.974007196039766,0.273972750416668,0.273972750416668,7,28,0,0
15.575469633969883,-0.34565521875000016,0.014054896250002002,8,19,0,1
17.01973978059663,-0.24568312916666457,0.0,8,19,0,1
4.9299997199009855,-0.8323990641666672,0.06947440410256478,10,17,0,1
5.797343297084497,-0.7889291633333281,0.023592227777780028,12,17,0,1
7.537689278878859,-0.795850506000004,0.0,12,17,0,1
4.520926151567472,-0.2254133999999984,0.0,11,14,0,1
4.940088592387782,-0.45996527900000006,0.09898546450000101,10,16,0,1
5.747394418897961,-0.3819936274999982,0.0,12,14,0,1
4.406145522290382,-0.5248695649999995,0.0,8,17,0,1
4.970383492699993,-0.9243493066666666,0.02583598944444576,11,17,0,1
4.30318879913481,-0.144461570000001,0.0,10,14,0,1
4.6439207259564625,0.1131300893749998,0.1131300893749998,13,5,0,1
3.944475555497793,-0.6482804230000003,0.4141938397499998,10,17,0,1
4.767074022046877,-0.5372258419999998,0.3856861690000004,12,17,0,1
3.06744369621771,0.04035435500000162,0.04035435500000162,10,4,0,1
3.096433751471035,0.03921404749999979,0.03921404749999979,10,4,0,1
4.038786940101951,0.30147507750000146,0.30147507750000146,12,5,1,1
4.720330940128624,0.2507912050000005,0.2507912050000005,12,5,0,1
3.873318845401576,0.03467387124999988,0.03467387124999988,12,5,1,1
4.639562247400872,0.2502371137500017,0.2502371137500017,12,5,0,1
4.185033340661085,0.1723992037499995,0.1723992037499995,12,5,0,1
3.16775462066498,0.11264549166666682,0.11287636770833354,8,3,0,1
4.384276856378131,0.46834242301724105,0.46834242301724105,10,9,1,1
4.958801123618891,0.8903929474999996,0.8903929474999996,11,8,1,1
4.720641166264978,0.11286758399999997,0.6831039496666662,8,17,0,1
2.983349300189612,0.04929273965517167,0.05499263104166596,9,3,0,1
3.0658189830124196,0.06931282715517262,0.07501271854166691,9,3,0,1
4.737884870021987,0.7857501925000001,0.7857501925000001,11,7,1,1
4.366963082669642,0.19415141562500038,0.19415141562500038,12,5,0,1
4.823657901344325,0.6798335528124997,0.6798335528124997,13,5,1,1
3.5550747021272,-0.5390463738571427,0.4420932070000019,9,17,0,0
5.54684708242356,0.7545531025000001,0.7545531025000001,13,5,1,1
4.398364183498298,0.21618289812500002,0.21618289812500002,12,5,1,1
4.387120449625028,0.2094359406249997,0.2094359406249997,12,5,0,1
5.122109246142935,-0.5425579875,0.17008098458333398,11,17,0,1
3.9498401970467216,-0.6773992339999996,0.4163215811999996,11,17,0,1
5.0166898855025055,-0.5962949530859372,0.5455859375000003,10,18,0,1
4.398072987638426,0.20090701874999972,0.20090701874999972,12,5,0,1
4.404875151934389,0.2120212187499999,0.2120212187499999,12,5,0,1
3.2930306948583246,0.0023644074999995546,0.0035189374999995415,11,4,0,1
3.2021721389244386,0.015116982499999931,0.01627151249999992,11,4,0,1
4.577494123984128,0.2371969708333337,0.2371969708333337,12,5,0,1
4.6609739409915445,-0.6457678966666665,0.35601943250000057,11,18,0,1
5.511038182891739,0.4236696750000011,0.4236696750000011,13,5,0,1
4.710804582039163,0.2571354399999981,0.2571354399999981,12,5,0,1
4.010431347985963,0.24040096500000008,0.24040096500000008,11,5,0,1
6.851621141023041,-0.2850196344444426,0.0031732133333344237,11,13,0,1
6.511946798117878,-0.2881928477777767,0.0,11,13,0,1
8.20275388423451,-0.15500280305555356,0.0,11,13,0,1
4.094165427245203,-0.1988477183333348,0.04432060651515091,9,15,0,1
3.444669667803434,-0.2411815400000009,0.0,9,15,0,1
10.232367246803905,-0.7404507499999978,0.0,12,13,0,1
13.86913909444186,-0.44300406166667256,0.0,12,13,0,1
9.278082044425094,-0.49799344749999985,0.0,12,17,0,1
9.264246666087596,-0.25918081666666676,0.07281481499999964,12,17,0,1
4.552897202812625,1.3933071462499997,1.4421610008333339,8,16,1,1
4.536489078011071,0.17608536833333233,0.24122384111111206,8,16,0,0
3.7410733093527284,0.08169700166666516,0.1468354744444449,8,16,0,0
2.8664308133020575,3.414927421666666,3.4800658944444454,8,16,1,1
3.795557236735035,0.09464377499999917,0.1597822477777786,8,16,0,0
2.7836034712504993,0.04079111000000002,0.04079111000000002,10,4,0,1
2.2524679537581664,0.03701715999999999,0.03701715999999999,10,4,0,1
2.3297998969975833,0.038546502500000024,0.038546502500000024,10,4,0,1
5.394635550077065,-0.30921182499999933,0.0,11,14,0,1
6.262581133263142,-0.30959315333333315,0.0,11,14,0,1
5.235438456276695,0.42031207000000137,0.42031207000000137,12,5,1,1
3.447543329390722,-2.96823858,0.0,9,19,0,0
5.891331301919601,0.31930745416666895,0.31930745416666895,12,5,1,1
5.074560326301687,0.07101797874999605,0.07101797874999605,12,5,1,1
4.726152301884436,0.07858873124999555,0.07858873124999555,12,5,1,1
5.02378053898956,0.07022323124999552,0.07022323124999552,12,5,1,1
4.825907156361877,-4.163984115000002,0.0,8,19,0,0
5.448286856081078,-4.027698763333333,0.13628535166666822,8,19,0,0
5.237560801468674,-3.1337586818750003,0.0,8,19,1,1
5.279181331146061,-0.46331017166666594,0.0,10,15,0,1
5.18666132813952,-0.46222284833333366,0.0010873233333321686,10,15,0,1
6.130643482575715,-0.4510495020000004,0.0,10,15,0,1
5.210420503436001,-0.5962258124999993,0.0,10,16,0,1
5.506374065031701,-0.4805716766666676,0.04968482124999962,10,16,0,1
4.432350608108235,-0.5789698816666681,0.025776989999999333,7,3,0,0
7.689831776191052,-0.5300352562500015,0.0,12,14,0,1
9.168727527595223,-0.5017850350000046,0.0,12,14,0,1
6.178317919825959,-0.47692720111110926,0.0,11,15,0,1
6.490194413517342,-0.34690514333333305,0.0,11,15,0,1
5.6391649632487315,0.1652593537499989,0.1652593537499989,12,5,0,1
3.1797908098137495,-0.040251382500000155,0.0,9,4,0,1
2.65707202670528,0.12058222625000026,0.17140638551136345,9,4,0,1
2.90803899266507,0.01829188625000011,0.0691160455113633,9,4,0,1
5.356991991087377,-0.12093026750000035,0.5173562991666669,8,17,1,1
4.869658575599328,-0.7517035683333345,0.0,8,17,0,1
5.2203633346370495,0.2312907562500004,0.2312907562500004,12,5,1,1
6.059770600663804,-2.8026030512500015,0.01888829749999843,8,18,0,0
4.680060312050471,-2.803954091249999,0.01753725750000079,8,18,0,0
5.859229670745691,-2.82149134875,0.0,8,18,0,0
5.689560870391941,-2.6898267062499994,0.13166464250000054,8,18,0,0
5.000166134703872,-2.0473093083333325,0.12001487666666844,8,18,0,0
5.534178952108108,-2.1673241850000005,0.0,8,18,0,0
12.419855513545604,0.7123521025000006,0.7123521025000006,13,5,0,1
6.78535874951407,-0.5882220674999976,0.0,12,16,0,1
9.368669375070045,-0.3407032783333359,0.031871516666664323,12,16,0,1
6.483868722109618,-0.5436276374999993,0.005573382499999724,11,12,0,0
6.382904311839397,-0.549201019999999,0.0,11,12,0,1
8.874429847746226,-0.5777905816666659,0.0,11,12,0,1
9.507435140294417,-0.3390985766666634,0.0,11,12,0,1
5.272485884048976,0.2482590362499999,0.2482590362499999,12,5,1,1
6.187146775242846,0.19113932187500016,0.19113932187500016,12,5,0,1
5.058854774642855,0.22119467416666705,0.22119467416666705,12,5,1,1
8.87737696065013,-0.7489619924999991,0.0,12,12,0,1
13.534576708132471,-0.7261650133333332,0.0,12,12,0,1
15.797411037494062,-0.4732087883333331,0.0,12,12,0,1
15.589293087380083,1.4774513981249981,1.4774513981249981,12,9,0,1
9.193616481591546,-0.09088323833333571,0.0,11,11,1,1
4.190346371817915,-2.329084296249999,0.0,9,18,0,0
3.6936563667230535,-1.7522321483333332,0.0,9,18,0,0
5.913828316684678,-0.5831600666666663,0.2668834677777765,11,17,0,1
5.61122122975551,-0.7802062266666662,0.0698373077777763,11,17,0,1
5.76274165937521,-0.8500435344444425,0.0,11,17,0,1
5.550995147025813,-2.082499696171875,0.20126208499999976,10,18,0,0
4.84730673334938,-2.283761781171875,0.0,10,18,0,0
4.80029195950115,-1.7082743515625005,0.0,10,18,0,0
4.286153703730488,-0.3852643650000003,0.0007154024999991293,9,16,0,1
4.144797854697584,0.1267303249999996,0.512710092499999,9,16,0,1
4.3035489169360845,-0.3859797674999994,0.0,9,16,0,1
3.058515756360203,0.16620096666666603,0.47909421875000113,9,16,0,1
4.157038208812736,-0.27101116833333627,0.04188208374999913,9,16,0,1
4.247292126468181,-0.24482134833333488,0.06807190375000083,9,16,0,1
6.395735784372808,0.20935866374999978,0.20935866374999978,12,5,1,1
5.281659166775867,-0.7026438649999998,0.0,11,16,0,1
5.730052895987158,-0.5843012333333318,0.0,11,16,0,1
6.602585177974563,-0.2692301474999965,0.026217794166670583,11,16,0,1
3.103958227371907,0.0040796949999988286,0.0063887549999988025,11,4,0,1
2.8678110023547827,0.01197180500000039,0.015435395000000351,11,4,0,1
2.796907871930608,0.008801600000000409,0.01226519000000037,11,4,0,1
2.86711139928882,-0.003694495999999958,0.0,11,4,0,1
5.788128281835355,0.3031576366666675,0.3031576366666675,12,5,1,1
4.937715825789215,-2.003574658333334,0.0,11,18,0,0
5.680578106072141,-1.8384573483333329,0.16511731000000118,11,18,0,0
5.437216004973213,-1.4745182194444428,0.0,11,18,0,0
7.631182131128431,0.4438223050000021,0.4438223050000021,13,5,0,1
9.812005581297234,0.37367080250000306,0.37367080250000306,13,5,0,1
8.659700940782932,-0.3850916755555662,0.0,12,15,0,1
4.96220051680564,-0.1673787799999995,0.0035235766666672497,10,14,0,1
5.699052490662328,-0.19734314333333222,0.0,10,14,0,1
6.400869452023749,0.029720604444444614,0.02972060444444491,7,13,0,1
2.0017738013877544,0.04071844694444474,0.054649395972222514,4,15,0,1
2.466756874278714,-0.2313037858333331,0.0,4,16,0,0
4.663728763226148,-0.0058739999999997865,0.28202718166666685,6,11,1,1
5.1093482422853205,-0.1403742000000007,0.0,6,13,0,1
5.246897367565542,-0.1899812333333332,0.021783169523808432,7,7,0,1
2.08066021265331,0.25882476333333315,0.25882476333333404,5,16,0,1
4.349183982469148,0.2836923666666665,0.28369236666666664,6,14,0,1
4.2726866565580925,-0.2851888637500002,0.0,6,11,1,1
4.290376380408553,-0.04221067124999989,0.06306997875000064,6,13,0,1
4.050173723163006,-0.2089872612499999,0.0,6,10,1,1
3.8784176890715587,0.37617493749999964,0.37617493749999964,6,16,0,1
9.430342897819388,-0.46144137875,0.0,8,11,0,1
2.84853805427885,-1.009266585000001,0.20808621349999967,4,17,0,0
2.6900884225316695,-1.1640393300000007,0.05331346850000074,4,17,0,0
4.2433033657876775,-0.2836857012499996,0.0,6,12,0,1
5.5800919650372665,-0.31323701125000003,0.07144715125000012,7,12,0,1
5.676437901555782,-0.42966669124999957,0.012471473750000683,7,11,0,1
5.66459344880372,-0.33443016375000045,0.0,7,10,0,1
2.298018932239553,0.2871014037499995,0.2871014037499995,5,16,0,1
5.421795235185659,-0.2665730625,0.0,7,9,1,1
7.090203482187636,-0.08535215583333411,0.0,8,13,0,1
3.5997778344624165,-0.18767322583333326,0.002452683333333816,6,11,0,1
3.3674185506251693,-0.09007575583333367,0.04924908499999958,6,10,1,1
4.714890142485599,-0.3153419424999999,0.0,7,12,0,1
7.5244462269009125,-0.4615968441666662,0.0,8,12,0,0
8.690420445482527,0.2282422425000017,0.2282422425000017,7,13,0,1
2.5701886678276047,0.15958069624999993,0.15958069624999993,5,15,0,1
15.554127698982748,-0.13576828833333524,0.0,8,13,0,1
15.429408320118082,0.08000512375000035,0.18183134000000178,8,13,0,1
2.3784323923271464,0.1202282555555551,0.127193730069445,4,15,0,1
3.3264227879920414,-1.4552568433333335,0.0,6,19,0,0
1.8784797934185624,0.8476712083333323,0.9633231012500003,4,16,0,0
1.902073765663402,-1.837467066666666,0.008707515833333623,5,19,0,0
6.633169387216214,-0.2933258175000004,0.0,6,11,1,1
6.329398094017283,0.1266394862500011,0.209307639687502,6,8,0,1
6.312450819032411,-0.10024430750000057,0.005036342500000401,6,13,0,1
1.9265529149656253,-3.0717568933333332,0.4809007805555563,4,19,0,0
2.851514117361743,-1.0345122966666664,2.518145377222223,4,19,0,1
6.855338946283915,-0.057636483749999634,0.046459954374999946,6,10,1,1
5.72121687667725,0.27613717312499997,0.27613717312499997,6,15,0,1
5.5347366573755465,0.5330997024999995,0.5330997024999995,6,16,0,1
5.538370586706385,0.5183706524999998,0.5183706524999998,6,16,0,1
1.3569997300943968,0.4114456943749998,0.535099202083333,3,3,0,1
3.9396928451923534,-0.8633785350000013,0.0067352966666667236,7,19,0,0
6.382623442147085,0.4611265012500012,0.4611265012500012,7,15,0,1
6.493584457320203,-0.46828125249999974,0.0,6,12,0,1
7.6556505893710725,-0.15894609874999954,0.07519452749999989,6,12,1,1
7.690679772029176,-0.1612295937499999,0.07291103249999953,6,12,1,1
3.033562473352565,-3.0937307762499993,0.006973667500000502,4,18,0,0
3.4185469033107654,-2.6192297162499996,0.4814747275000002,4,18,0,0
3.0194371089026797,-3.1007044437499998,0.0,4,18,0,0
2.429318668711429,0.24209313690476245,0.5614762029166656,5,17,0,1
9.522380802474947,0.5280485362500023,0.5280485362500023,8,16,0,1
8.623789119848183,-0.5927108225,0.0,7,12,0,1
9.885862475818971,-0.5061120183333324,0.0,7,12,0,1
8.763995066485208,-0.6078159224999995,0.0,7,11,0,1
10.054537860645997,0.09186876374999997,0.21640159375000056,7,10,0,1
2.361792329991975,-1.3072513737499998,0.0,5,18,0,0
4.895392751548033,-0.530352283671875,0.49903557999999926,6,18,0,0
4.894063804237375,-0.4843485686718747,0.5450392949999996,6,18,0,1
4.233530574088316,-1.0293878636718743,0.0,6,18,0,0
4.979386394106737,-0.5645423933333324,0.0058195474999998,7,18,0,0
4.996636953414623,-0.5703619408333322,0.0,7,18,0,0
8.647050992993492,-1.4903235964999992,0.1686400600000031,8,31,0,0
10.15087632542345,-1.5739695500000024,0.08499410649999994,8,31,0,0
8.34455812478178,-0.7521748404999997,0.9067888160000024,8,31,0,1
9.01451618654986,-1.5487500220000059,0.11021363449999644,8,31,0,0
8.428401036995572,-1.5478602044999996,0.11110345200000271,8,31,0,0
8.344559748914879,-1.5521322864999996,0.10683137000000276,8,31,0,0
8.34455812478178,0.7439296015000003,2.402893258000003,8,31,0,1
11.332408044406206,-0.27271428166666567,0.0,11,25,0,1
11.462047240033979,-0.22402745833332935,0.048686823333336626,11,25,0,1
12.204140709007412,-0.23063510333333306,0.04964917999999763,12,25,0,1
5.022671897302478,-0.0009577294062502517,0.6882820620000016,10,31,0,1
7.164344933185313,-0.689239791406252,0.0,10,31,0,0
8.883337166117965,-0.18790759055555561,0.10886422277777541,11,31,0,1
3.707019180940313,0.12517852400000037,0.6342715420000054,11,31,0,0
7.315389164356592,-0.5090930180000051,0.0,11,31,0,0
7.806536191875013,-0.25949076799999987,0.24960225000000502,11,31,0,1
12.16898957887544,0.12074191250000021,0.14466415937500088,12,26,0,1
11.99994394321724,0.11092100500000024,0.1348432518750009,12,26,0,1
12.057380525920854,0.11242743999999982,0.1363496868750005,12,26,0,1
10.704341127202403,0.12129073749999986,0.14521298437500052,12,26,0,1
9.831671955002976,-0.9959209689999995,0.11005480200000317,8,31,0,1
10.995499257901134,0.057090392500000586,0.057090392500000586,12,29,0,1
8.790430429041248,-0.09434218250000148,0.0,11,30,0,1
12.077056360793783,0.17965052000000004,0.22749501375000092,12,26,0,1
15.488836155952105,-0.06379265833333451,0.0,12,26,0,1
8.574936006540474,0.7965304954166665,0.7965304954166665,8,28,0,0
8.617186057953031,0.8108499079166673,0.8108499079166673,8,28,0,1
9.22055440774769,-2.520231466875,0.2708216324999997,8,32,0,0
5.85862606547508,-1.9473340620833335,0.19026725000000067,8,32,0,1
5.769338760918805,-2.137601312083334,0.0,8,32,0,0
8.808682740012483,0.6254484015625001,0.6254484015625001,7,16,0,1
7.282858837979884,-0.2173383775000004,0.5994195337500003,11,32,0,1
11.519300920011288,1.1300316524999996,1.1300316524999996,8,30,0,1
9.896868232900959,0.4710831624999994,0.4710831624999994,8,30,0,0
9.897900156584821,0.4711695574999988,0.4711695574999988,8,30,0,0
8.635898557196244,-0.9052431287499987,0.47722658500000303,8,31,0,1
6.524787185996844,-1.246973409999999,0.22643729833333381,8,31,0,1
8.409361629702195,-0.9897967516666656,0.48361395666666684,8,31,1,1
9.561020949408448,-1.3713743616666665,0.10203634666666606,8,31,0,1
7.588751679216892,-1.3714789983333304,0.10193171000000234,8,31,0,1
11.084149996411403,0.026674705000000465,0.026674705000000465,12,29,0,1
10.791002976597666,0.022429714000002578,0.022429714000002043,12,29,0,1
11.583007141312558,-0.345604172499999,0.0,11,25,0,1
12.623070371636667,-0.2495195218750048,0.024378722499996286,11,25,0,1
14.577696454779844,-0.2975689274999995,0.0,12,25,0,1
14.02374886933338,-0.05340727499999964,0.24416165249999988,12,25,0,1
17.974009488949633,0.00719396500000169,0.155978428750001,12,25,0,1
18.036002628015304,-7.31349999982811e-05,0.14871132875000104,12,25,0,1
12.305088678219294,-0.1911712874999969,0.0,11,24,0,1
12.358881360941492,0.11361988500000031,0.3047911724999972,11,24,0,1
4.588338956019509,-0.2664970087499996,0.2857010225000005,9,31,0,1
4.023816010342321,-0.16699517166666608,0.4418120158333352,9,31,1,1
8.0468630402421,-0.12563452499999617,0.0,11,30,0,0
3.0327775148425826,-0.3100626236718753,0.2700360520833325,10,31,0,1
4.290039122958967,-0.3121498486718748,0.267948827083333,10,31,0,1
8.18171972906273,-0.43144474617187534,0.14865392958333246,10,31,0,1
4.197760259783184,-0.31557479117187537,0.2645238845833324,10,31,0,1
8.94167468656128,-0.07842721833333277,0.3562737325000005,11,31,0,1
8.286317371855423,-0.3194066983333328,0.11529425250000047,11,31,0,1
8.115759649288345,-0.3304423933333327,0.10425855750000057,11,31,0,1
7.343800894020271,-0.2804187449999995,0.03776439125000364,11,31,0,1
1.9926197597242523,-0.28708369800000144,0.0341352439999989,7,34,0,1
5.070188694113458,1.4140017762500001,1.4140017762500001,6,32,0,1
2.5271615889277146,-0.40084542,0.0006782575000001678,7,34,0,0
2.419080471638261,-0.4015236775000002,0.0,7,34,0,0
2.4016569373460412,-0.3055233100000003,0.09600036749999985,7,34,0,0
5.351726875098167,2.0378018124999997,2.0378018124999997,6,32,0,1
5.510062771631311,2.6449319275,2.6449319275,6,32,0,1
4.519493445308689,1.7911000225000002,1.7911000225000002,6,32,0,1
4.076111168747045,0.728109027916668,0.728109027916668,6,33,1,1
5.335757120593981,0.8945868129166676,0.8945868129166676,6,33,0,1
2.274121971310003,4.367345353124999,4.367345353124999,4,29,0,1
1.2961131922549707,2.097223170624999,2.097223170624999,4,29,0,1
2.1850929529339194,1.799079660624999,1.799079660624999,4,29,0,1
3.0419943088687447,4.212240730624999,4.212240730624999,4,29,0,1
2.755159196658795,4.404379613124999,4.404379613124999,4,29,0,1
3.925783222986315,0.18847416449999982,0.18847416449999965,7,31,0,0
3.639646195855029,0.7315251574999984,0.7315251574999992,4,29,0,0
2.5723344227828013,0.5976806924999991,0.5976806924999991,4,29,0,0
2.550627783372581,0.37517436916666586,0.37517436916666647,4,29,0,0
3.6328875118969104,0.708619367499999,0.7086193674999999,4,29,0,0
3.108850246760382,-1.3170374124999995,0.4495898450000011,4,30,0,0
1.7629676648105939,-1.759352354166668,0.007274903333332361,4,30,0,0
1.6956088287414268,-1.7574811258333345,0.009146131666666335,4,30,0,0
1.7448209414579008,-1.7612278908333348,0.005399366666665628,4,30,0,0
3.01989713421928,1.7499594850000006,3.074929928125,4,30,0,1
2.791271420818031,1.1302486849999998,1.3471603400892853,5,30,0,1
1.1756703390545102,-0.06341689083333317,0.22579864928571425,5,30,0,0
2.789351726499106,0.35771834093750005,0.35771834093749977,6,30,0,0
3.1305756876429536,-1.1104946641666658,0.04712873611111057,8,17,0,1
4.7961848854724245,-0.7720667150000006,0.0,10,17,0,1
2.733403182004593,-0.714947136666666,0.0,8,16,0,0
1.5967158974027007,0.0681032366666668,0.11110762916666617,7,4,0,1
1.6622501155309786,0.0034997183333335493,0.046504110833332835,7,4,0,1
1.652954825119741,0.03081684666666688,0.07382123916666616,7,4,0,1
1.5973226410527652,0.06847147000000013,0.11147586249999941,7,4,0,1
1.6359074533451572,-0.02036314499999925,0.02264124749999996,7,4,0,1
1.629970224953825,0.04048922833333357,0.08349362083333278,7,4,0,1
1.68262950417114,-0.004319099999999724,0.038685292499999635,7,4,0,1
1.6416287847074655,0.02104552999999972,0.06404992249999908,7,4,0,1
1.6329284255886929,-0.007817138333333121,0.03518725416666624,7,4,0,1
1.6173723207565993,0.045917415000000204,0.08892180749999956,7,4,0,1
1.5948862507586505,0.08260091666666695,0.12560530916666623,7,4,0,1
1.6497980777513097,-0.029595719999999954,0.01340867249999933,7,4,0,1
1.62156492448412,0.04398569333333343,0.08699008583333279,7,4,0,1
1.6257248498019152,-0.018334244999999545,0.02467014749999974,7,4,0,1
2.1640119010341734,-0.897721289583334,0.0,6,17,0,1
4.34259375530396,-0.5368011024999966,0.014137890833334943,10,16,0,0
3.7161958664667525,-0.22373320000000044,0.062295558333332224,9,11,0,1
3.5311851846838125,-0.9454077566666671,0.0,9,17,0,1
1.9501176529212305,-0.5342576716666679,0.0,7,16,0,0
3.055774325812948,-0.6363162533333314,0.010972289166666371,9,16,0,0
2.200978214057103,-0.01598265333333308,0.16255221833333344,8,14,0,1
3.298605789565157,0.05193761812499886,0.05193761812499886,11,5,0,1
2.88520147871786,-0.035253454999999434,0.13458293291666656,9,13,0,1
2.7749862007436237,-0.9681256772500021,0.36251805799999914,8,17,0,1
4.373636753216939,-0.48699732000000007,0.36335400664705775,10,17,0,1
2.8141750659919706,-0.11410431249999986,0.056827950312499764,9,14,0,1
2.5317746785655437,0.03131174374999901,0.03131174374999901,10,5,1,1
4.015671310250916,-0.22900156000000393,0.10342173999999815,10,14,0,1
3.0990001291916602,0.15216498750000085,0.15216498750000085,10,5,1,1
2.9681797446011244,-0.3011332520833321,0.08165825583333408,9,15,0,1
3.18010284634097,0.15188838250000103,0.15188838250000103,10,5,0,1
1.6022061145198059,0.023324805000000115,0.0631255906249999,7,4,0,1
1.5889210812371701,0.04774186125000024,0.07999515562499981,7,4,0,1
1.6670462361807643,0.03168613875000004,0.06393943312499961,7,4,0,1
1.6231425329522786,0.019624023750000053,0.05187731812499963,7,4,0,1
1.6236439852777362,0.00797020625,0.040223500624999575,7,4,0,1
1.6224054713857181,-0.003917656250000068,0.028335638124999507,7,4,0,1
2.2756100984059646,0.3682571055172428,0.3682571055172428,8,9,1,1
2.527201317199486,-0.4485502947499995,0.5111703895000002,6,17,0,1
2.759866377012208,-0.8667898127499996,0.09293087150000012,6,17,0,0
2.81438309414823,0.088627265625,0.088627265625,10,5,0,1
5.1364697953132605,0.41591363500000256,0.41591363500000256,10,10,0,1
2.020551224172423,-0.8591319365238078,0.14603482600000106,7,17,0,0
4.222167770175899,-0.3709325799999985,0.0422716649999999,10,16,0,1
2.8280545512835453,0.09718228562499931,0.09718228562499931,10,5,0,1
3.1374862735706466,-0.6723631780000009,0.38043808688235137,9,17,0,0
2.9156438088108136,0.10389575374999893,0.10389575374999893,10,5,1,1
3.169090689054388,-0.4380425062499991,0.04742390062499924,9,16,0,1
4.130716673907244,-0.20250374249999936,0.0680144949999999,10,15,0,1
3.9768901620217485,0.6742638200000037,0.6742638200000037,11,5,1,1
2.1531035023862093,0.48092208249999935,0.48092208249999935,8,7,1,1
2.2690779259488134,0.12256259833333338,0.12256259833333338,9,5,0,1
2.18986964383131,0.13123265833333342,0.13123265833333342,9,5,0,1
2.1897872916201346,0.13254265083333294,0.13254265083333294,9,5,0,1
2.3521404063179254,-0.004378862499999858,0.12952229125000003,8,14,0,1
2.326637025344804,0.024939257500000034,0.15884041124999992,8,14,0,1
2.4282797149201274,0.050279930000000084,0.18418108374999997,8,14,0,1
1.5705423145647897,0.021119984166667233,0.04262218041666688,7,4,0,1
1.5495202648022834,0.039210227500000215,0.060712423749999855,7,4,0,1
1.5894390332138968,0.01262009750000015,0.034122293749999866,7,4,0,1
1.5743415717993703,0.01964760416666748,0.04114980041666705,7,4,0,1
4.578370715505118,-0.3060867699999985,0.0,9,13,0,1
6.138487211918691,-0.28114091666666735,0.0,9,13,0,1
7.343406637179586,-0.15612301624999958,0.07972769499999899,9,13,0,1
7.419057293086879,-0.16403876624999825,0.07181194500000032,9,13,0,1
2.4496553743053537,-0.355376705,0.0,7,15,0,1
2.3469562543861415,-0.22058213399999999,0.0,7,15,0,1
7.78371424539065,-0.8549962350000015,0.0,10,13,0,1
10.700090997442418,-0.7747108683333342,0.0,10,13,0,1
12.961496817564248,-0.5512218575000034,0.06235361499999925,10,13,0,1
14.347104780012685,-0.45244007666666636,0.0,10,13,0,1
2.794106806770991,-0.19184305208333421,0.19202974249999993,6,15,0,1
8.100347759915934,-0.5665098616666674,0.0,10,17,0,1
9.011121532941974,-0.4140286325,0.010853763750000578,10,17,0,1
3.4540553875637623,-1.531598516249998,0.24959567750000033,8,19,1,1
2.851935243701138,-1.4893217012499989,0.2918724924999996,8,19,0,1
3.3086992235658124,-2.374925591666667,0.0,8,19,0,0
3.269983382807338,-2.3731781850000004,0.0017474066666665067,8,19,0,0
2.335909794490607,1.1361484512499995,1.1361484512499995,6,16,1,1
2.413854561496169,0.20521415166666537,0.20521415166666657,6,16,0,0
3.810600724611133,0.7447531916666653,0.7447531916666659,6,16,0,1
0.03958091141287482,3.953648444999999,3.953648445,6,16,1,0
1.8039793525774863,0.9838284916666661,0.9838284916666673,6,16,0,1
0.08852514194436198,3.6329858516666658,3.6329858516666667,6,16,1,0
3.309267506579868,0.21772823833333277,0.21772823833333366,6,16,0,1
2.748538318734627,0.01961482333333227,0.019614823333332865,6,16,0,1
2.0555081533783293,0.05558407833333234,0.05558407833333323,6,16,0,0
2.199846559554724,0.015164513333331797,0.015164513333332685,6,16,0,0
2.144550084095841,0.01625615166666587,0.01625615166666705,6,16,0,0
2.2210565713643597,0.022217011666665343,0.02221701166666623,6,16,0,0
2.09906746289914,0.06851735666666532,0.06851735666666592,6,16,0,0
2.1892361544315753,0.014441561666666066,0.014441561666666658,6,16,0,0
2.936609289926182,0.32630718599999964,0.3263071860000002,6,16,0,1
4.581056613089902,-0.33554150999999965,0.0,9,14,0,1
5.600886038999176,-0.3057733266666644,0.0,9,14,0,1
2.440130551488638,-2.605115638333333,0.04218543083333337,7,19,0,0
2.1470561707390132,-2.6454319783333333,0.0018690908333329759,7,19,0,0
2.1614825436196097,-2.6461558583333336,0.001145210833334076,7,19,0,0
6.7080430315084385,-0.11010331000000069,0.0,8,13,0,1
6.641053313942232,0.13227563750000115,0.13227563750000115,10,5,0,1
4.674904147173979,0.0462514837499981,0.0462514837499981,10,5,1,1
4.626076532308123,0.03665310874999861,0.03665310874999861,10,5,1,1
2.2522659226326742,-2.8024242162500004,0.3654533474999999,6,19,0,1
3.0898326992343006,-4.223836751666666,0.0,6,19,0,0
3.0505171320080255,-3.983585291666667,0.24025145999999964,6,19,0,0
2.9464464923818814,-4.041506316666667,0.182330434999999,6,19,0,0
3.4660501232816365,-3.0258035168749995,0.14207404687499992,6,19,1,1
3.498970598933186,-0.5294938375000005,0.0,8,15,0,1
4.720195360363828,-0.5950092483333336,0.0,8,15,0,1
0.07632930286306742,1.8065521883333322,2.4015614366666664,8,15,1,0
4.3378443816427446,-0.5780275900000001,0.016981658333333982,8,15,0,1
5.32222545109275,-0.4233528520000007,0.0,8,15,0,1
5.387038823403971,-0.4217521700000006,0.0016006820000011857,8,15,0,1
3.7878961477789286,-0.7516937049999992,0.0,8,16,0,1
4.456575156880051,-0.5307123900000003,0.024728010000002243,8,16,0,1
4.2692130967628055,-0.553616081666668,0.001824318333333963,8,16,0,1
4.361316092281189,-0.5513712733333355,0.0040691266666676995,8,16,0,1
4.285608554209398,-0.5554404000000019,0.0,8,16,0,1
4.24179490929589,-0.4575655433333357,0.0978748566666674,8,16,0,1
2.078584732753843,-0.6106813999999995,0.056200145000000035,5,3,0,0
2.0851182920992954,-0.6059402041666662,0.06094134083333369,5,3,0,0
1.9490774461966494,-0.19546565749999978,0.30469550125000033,5,3,0,1
7.550182416770782,-0.5927816487500017,0.0,10,14,0,1
8.065133774496399,-0.2374836933333313,0.28023908833333167,10,14,0,1
9.64031267190406,-0.5177227816666677,0.0,10,14,0,1
6.770310498147222,0.14040085000000246,0.14040085000000246,10,5,0,1
4.068657795996525,-1.2157251849999997,0.2304063925000004,9,19,1,1
3.810445046731192,-1.9281754366666668,0.0,9,19,0,0
4.530585170671794,-0.5627682299999996,0.020320988749999103,9,15,0,1
5.507262461281594,-0.5893824566666671,0.0,9,15,0,1
4.419133278640548,-0.17235249666666874,0.41702995999999715,9,15,0,1
13.143616267784608,-0.5346709400000028,0.0,10,11,0,1
3.818638894867969,0.07566383749999872,0.07566383749999872,10,5,0,1
1.6348796915770918,0.09977502916666688,0.16428161791666596,7,4,0,1
1.6318834280746315,0.07136516250000025,0.1358717512499994,7,4,0,1
1.6468791457930525,0.09511854250000007,0.15962513124999922,7,4,0,1
1.7136291574866116,-0.06420748749999983,0.00029910124999932286,7,4,0,1
1.664154908159112,0.06133031500000019,0.12583690374999934,7,4,0,1
1.6960603100144895,-0.03913697499999991,0.025369613749999242,7,4,0,1
1.670551308742001,0.015732229166666833,0.08023881791666598,7,4,0,1
1.6324907756795282,0.06985954250000015,0.1343661312499993,7,4,0,1
1.6742262094488691,0.0019164308333336304,0.06642301958333285,7,4,0,1
1.683862760708447,0.028966009166666733,0.09347259791666596,7,4,0,1
1.623058814996659,0.10891675416666668,0.17342334291666583,7,4,0,1
1.6562736196792283,0.05179138416666677,0.11629797291666599,7,4,0,1
1.7399798923796999,-0.041294654999999736,0.023211933749999414,7,4,0,1
1.706894613090593,-0.06365860749999985,0.0008479812499992967,7,4,0,1
1.7078473575541278,-0.06326839249999994,0.0012381962499992127,7,4,0,1
1.7251935130090057,0.02393813333333365,0.10994691833333237,7,4,0,1
1.6968988756409855,0.12496615666666688,0.21097494166666575,7,4,0,1
1.685745638973807,0.06249651000000019,0.14850529499999898,7,4,0,1
1.719913008214861,0.02326069333333347,0.10926947833333234,7,4,0,1
1.6831081315797112,0.11790645333333345,0.20391523833333225,7,4,0,1
1.679889646620867,0.11279077166666696,0.19879955666666582,7,4,0,1
1.7011696374186955,0.07386173500000008,0.1598705199999988,7,4,0,1
1.724417225672059,-0.012362954999999806,0.07364582999999891,7,4,0,1
1.7472319951514248,-0.01918640166666652,0.06682238333333235,7,4,0,1
1.7043145396234245,0.03390669666666687,0.11991548166666566,7,4,0,1
1.7274979219409685,-0.07892836666666654,0.007080418333332172,7,4,0,1
1.7392890943551254,-0.022726029999999692,0.06328275499999902,7,4,0,1
1.7501871343851807,-0.013576096666665668,0.07243268833333305,7,4,0,1
1.739755272604474,-0.08427058999999915,0.0017381949999997204,7,4,0,1
1.7062819370963764,0.0457544362500002,0.11026102499999935,7,4,0,1
1.7315309927176339,0.06042525625000028,0.12493184499999943,7,4,0,1
1.71333096503092,0.09886155375000016,0.1633681424999993,7,4,0,1
1.7924930659598357,-0.016093748749999914,0.048412839999999235,7,4,0,1
1.8200435936188941,-0.026846991249999785,0.037659597499999364,7,4,0,1
1.7463750262109314,-0.00694175124999985,0.0575648374999993,7,4,0,1
1.7386034542507594,0.04711092583333354,0.09011531833333275,7,4,0,1
1.7282100293347156,0.11072574250000027,0.15373013499999955,7,4,0,1
1.7544775176362033,0.0026636041666661114,0.04566799666666532,7,4,0,1
1.7218294975837098,0.03601941416666676,0.07902380666666597,7,4,0,1
2.846866071805752,-0.4413817726562499,0.39816828843749974,6,17,1,1
2.9564012889952167,-0.6392656891666668,0.0,6,17,0,1
4.0773063879495615,0.023789325000000083,0.16564980624999937,8,12,0,1
5.782393774886967,-0.18914730833333296,0.0,8,12,1,1
6.9089872204002205,-0.11096845000000026,0.0004997670833333245,8,12,1,1
7.377399028961502,0.7380221556250035,0.7380221556250035,11,5,1,1
1.9665172353429121,-3.0201689000000016,0.20994023749999968,6,18,0,0
3.3530837486789946,-3.2301091375000013,0.0,6,18,0,0
2.820285472220921,-3.1257847175,0.10432442000000108,6,18,0,0
2.8525730071127855,-1.6590422250000014,0.4943638666666663,6,18,1,1
2.8408222498592055,-1.8721356616666682,0.2812704299999993,6,18,1,1
3.3128924587774553,-2.101526656666666,0.051879435000001806,6,18,0,0
6.975407029671377,-0.5208822299999984,0.0,10,16,0,1
9.239708783440832,-0.2903331074999982,0.0,10,16,0,1
5.646273922385516,-0.64545575,0.006872011666665401,9,12,0,1
6.209758965621811,-0.4178141550000021,0.2968102049999999,9,12,0,1
7.419206722785222,-0.714624360000002,0.0,9,12,0,1
8.811404423597937,-0.36633101000000085,0.0,9,12,0,1
12.711735681115098,-1.026136726666664,0.0,10,12,0,1
15.447909761433532,-0.6005806966666682,0.0,10,12,0,1
7.6982701884083795,-0.43747289666666705,0.0,9,11,0,1
2.5810342007468723,-2.4356079989062493,0.0,7,18,0,0
5.3544117263486495,-0.7406983049999999,0.0,9,17,0,1
2.750191298799716,-2.057931684531251,0.2580261349999997,8,18,0,0
3.7716460296003667,-2.315957819531251,0.0,8,18,0,0
2.38056216041618,-0.6011244975000007,0.0,7,16,0,1
2.6035287158997926,-0.34514874666666745,0.08172182166666708,7,16,0,1
2.4367163324141563,-0.426870568333334,0.0,7,16,0,1
2.3731976528028085,-0.423804026666667,0.0030665416666675327,7,16,0,1
2.4871532289179794,-0.4073831400000003,0.019487428333334833,7,16,0,1
2.6090583578201296,-0.39796676166666717,0.028903806666667364,7,16,0,1
4.331488072733748,-0.6481111449999988,0.0,9,16,0,1
6.171309698438806,-0.4068444087499974,0.0,9,16,0,1
6.432700496943458,0.12891514000000015,0.12891514000000015,10,5,1,1
6.425236518900472,0.12275009500000067,0.12275009500000067,10,5,0,1
4.601057958376834,-1.6052640200000035,0.3122499949999984,9,18,0,1
4.265149322704297,-1.9175140150000018,0.0,9,18,0,0
7.028224838917514,-0.5126512600000019,0.0,10,15,0,1
9.65569556628142,-0.2796349000000049,0.0,10,15,0,1
9.031040792286069,0.9477812199999995,0.9477812199999995,10,8,0,1
2.9906050751548676,0.1415727716666666,0.1415727716666666,9,5,0,1
2.264361564943383,0.3786723650000001,0.6261664825000002,8,14,0,1
3.483542092521346,-0.24007292999999996,0.007421187500000093,8,14,0,1
3.0422853513239145,-0.05132836499999982,0.19616575250000023,8,14,0,1
2.414982526000319,0.21589036500000014,0.4633844825000002,8,14,0,1
3.606113420122543,-0.22133472749999994,0.026159390000000116,8,14,0,1
3.165377913303534,-0.10842755499999979,0.13906656250000027,8,14,0,1
2.9722444965601715,-0.06655414499999979,0.18093997250000027,8,14,0,1
3.066353862233497,-0.05270406499999991,0.19479005250000014,8,14,0,1
3.344058915302374,-0.24749411750000005,0.0,8,14,0,1
4.572929215186739,-0.3029057783333317,0.0,8,14,0,1
5.190025321299071,-0.15792993999999982,0.10749360416666565,8,14,0,1
5.1052130792763055,-0.14268281999999988,0.1227407241666656,8,14,0,1
4.817303339368181,-0.10651307499999985,0.15891046916666562,8,14,0,1
5.958730943141993,-0.2279413099999991,0.0,8,14,0,1
10.197257209982075,0.004843204166666244,0.004843204166668613,11,24,0,1
4.284324089593372,0.21287421171626875,0.31552236333333283,8,27,0,1
5.399692565812861,-0.29499618260417054,0.2224221249999978,8,28,0,0
9.176796494665641,-0.020846063749999644,0.014126068749998666,10,23,0,1
7.65951293391474,0.14352179062500126,0.1846717386718757,9,27,0,1
10.261359943527848,-0.027217998333334492,0.1326729449999995,11,23,0,1
7.752724706232261,0.8491517252083334,0.8491517252083334,7,25,0,1
9.059156101472897,0.08853876749999978,0.08853876749999978,11,27,0,1
7.98596294221279,1.2479079381250013,1.2479079381250013,7,26,0,0
8.557608378189368,0.35988948250000163,0.35988948250000163,9,20,1,1
8.03548865698864,0.08189029749999932,0.08189029749999932,9,25,0,1
7.594430154875318,0.1271137862499998,0.1271137862499998,9,26,0,1
9.956592004316198,0.03980610062500034,0.03980610062500034,11,24,0,1
8.256221048778704,0.04173347250000248,0.04173347250000248,10,25,0,1
11.726129939325965,0.05470014518292743,0.14347059134146178,11,21,0,1
11.742894113534222,0.055455047682926306,0.14422549384146066,11,21,0,1
9.001219706309797,0.09107569833333073,0.09107569833333073,9,22,0,1
7.208131028223284,0.18989626128719905,0.266882374999998,8,27,0,1
9.883642326882205,-0.18666908999999698,0.04429121256756874,10,22,0,1
9.863587379381217,-0.19077580999999988,0.040184492567565844,10,22,0,1
11.881045064720851,-0.15746642750000017,0.0,11,22,0,1
6.814105615987865,-0.14159297808593596,0.277210118750002,9,28,0,1
7.3703115655310265,0.0290169349999978,0.30938693749999757,10,28,0,1
9.664041153124014,-0.023191427499998696,0.0298495100000018,10,23,0,1
9.672462109968572,-0.03335597249999722,0.019684965000003274,10,23,0,1
9.645397903300694,-0.03256489749999858,0.020476040000001916,10,23,0,1
9.705816868409507,-0.053040937500000496,0.0,10,23,0,1
10.061277928380047,-0.03888436624999869,0.007372807499997691,10,23,0,1
10.053746698253118,-0.04625717374999638,0.0,10,23,0,1
9.996305857896676,-0.007482706249998472,0.03877446749999791,10,23,0,1
5.705092246838502,-0.06123098999999973,0.0,9,27,0,0
13.498666829964328,-0.1294355399999958,0.08156649055555931,11,23,0,1
13.59810705370262,-0.20318641499999757,0.007815615555557542,11,23,0,1
13.531593508860114,-0.1993360700000011,0.011665960555554022,11,23,0,1
16.12023540608654,-0.15000073000000214,0.0039115712499935285,11,23,0,1
16.145238293037238,-0.1428662650000021,0.011046036249993563,11,23,0,1
3.4903686104871814,2.5725911972222213,2.5725911972222217,7,25,0,1
10.10193270542183,0.09777141750000062,0.09777141750000062,11,27,0,1
10.093279310066269,0.07995573750000062,0.07995573750000062,11,27,0,1
4.994927346993619,-1.127168283333333,0.0003028083333340703,9,29,0,0
4.970785195570875,-1.1273446633333322,0.00012642833333487147,9,29,0,0
4.887249834906797,-1.127471091666666,0.0,9,29,0,0
5.922981461882066,2.1271393612500007,2.1271393612500007,7,26,0,1
7.216164152184209,2.0086685362500005,2.0086685362500005,7,26,0,1
6.155432118713345,2.0090250262500007,2.0090250262500007,7,26,0,1
3.425154835992163,-1.178925751666668,0.09558976333333291,8,29,0,0
3.8693360718682586,-1.2745155149999998,0.0,8,29,0,0
3.4813050887729844,-1.1780093983333348,0.09650611666666542,8,29,0,0
3.822376994410115,-1.2720147783333335,0.0025007366666667252,8,29,0,0
8.987292559610378,0.0800766399999997,0.0800766399999997,9,23,0,1
6.340854969929461,-2.4591480116666666,0.0,7,29,0,0
6.585288755047276,0.2879995087499996,0.2879995087499996,9,26,0,1
6.413502300551498,0.37711307750000067,0.37711307750000067,6,13,0,1
10.364265035824195,0.04721434999999966,0.047214349999997296,11,24,0,1
11.262215753654495,0.026849116666667783,0.026849116666667783,11,24,0,1
11.96764821311129,0.03666429437500085,0.03666429437500085,11,24,0,1
11.845209056673452,0.03757884187500338,0.03757884187500338,11,24,0,1
5.253512674747468,-0.8606984389999995,0.0001492961111102531,10,29,0,0
5.221618358738652,-0.8603066839999993,0.0005410511111105798,10,29,0,0
5.212635438703801,-0.8601549273333363,0.0006928077777734742,10,29,0,0
7.655549537533509,0.05935290500000079,0.05935290500000079,10,25,0,1
7.335650124007655,0.06416026750000015,0.06416026750000015,10,25,0,1
7.3767160897126125,0.9604628524999992,0.9604628524999992,7,27,1,1
7.878116782339816,1.1736887024999998,1.1736887024999998,7,27,1,1
7.772732255509973,0.8603301724999994,0.8603301724999994,7,27,0,1
6.161304729823045,0.9419105625000004,0.9419105625000004,7,27,1,1
7.307466834424701,0.9949178624999995,0.9949178624999995,7,27,1,1
8.100938388867615,-1.2495347225,0.0,7,28,0,1
6.47405750449773,-1.1702790924999995,0.07925563000000047,7,28,0,1
5.52397229319291,-0.40105166458333485,0.43197148375000083,7,28,1,1
5.466225590319338,-0.427505624583335,0.4055175237500013,7,28,1,1
10.402806541674828,0.05647821000000164,0.05647821000000164,11,26,0,1
10.664881972117675,-0.3915251949999985,0.0,10,22,0,1
11.225570667919122,-0.23359472749999988,0.02570959750000057,10,22,0,1
10.807788481874084,-0.13033335499999854,0.1289709700000019,10,22,0,1
11.214352032531394,-0.25930432500000045,0.0,10,22,0,1
14.895346683553619,-0.28757147499999824,0.0,11,22,0,1
18.013597870646684,-0.16965345499999973,0.0,11,22,0,1
17.477700294128255,-0.042355729999998815,0.12729772500000092,11,22,0,1
17.956649202095115,-0.16197003999999726,0.007683415000002469,11,22,0,1
2.582691319267617,-0.5238088539062495,0.25231860749999946,8,28,0,0
5.728775327025155,-0.6419490964062486,0.13417836500000035,8,28,0,0
4.70613765491418,-0.7734142389062484,0.0027132225000006116,8,28,0,0
2.6285495980231803,-0.5244601939062488,0.25166726750000024,8,28,0,0
5.74752285033426,-0.6427207489062496,0.13340671249999936,8,28,0,0
4.702284793707707,-0.776127461406249,0.0,8,28,0,0
7.054421793456101,0.05447354187500153,0.15034339125000074,10,27,0,1
6.693510929408785,-0.6917811861718741,0.14582500750000182,9,28,0,1
5.480139995990648,-0.8376061936718759,0.0,9,28,0,0
5.489907312582963,-0.8370525111718745,0.0005536825000014289,9,28,0,0
7.629369823909802,0.1682288949999986,0.1682288949999986,10,26,0,1
7.379913911460079,0.2034946325,0.2034946325,10,26,0,1
6.594656599523121,-0.3767703725000011,0.18396963250000198,10,28,0,1
6.898250538429776,-0.37877843500000097,0.18196157000000213,10,28,0,1
6.99492973506814,-0.1966715100000016,0.3640684950000015,10,28,0,1
6.531949838797076,-0.07460553500000344,0.48613446999999965,10,28,0,1
5.639652793960689,-0.5581268500000007,0.002613155000002365,10,28,0,0
6.147822608776511,-0.44811779000000246,0.1126222149999947,10,28,0,0
6.910256200990951,-0.38746691500000097,0.17327309000000213,10,28,0,1
6.149475065292471,-0.4529950900000017,0.10774491499999783,10,28,0,0
5.636239502916919,-0.5607400050000031,0.0,10,28,0,0
5.477521909147391,-0.5521085075000016,0.008631497500001473,10,28,0,0
8.264244148697601,-0.5606999833333273,0.0003278338888872412,12,18,1,1
7.27727465047091,-0.4069658766666606,0.0,11,16,1,1
6.452591825114854,0.059679016666667195,0.07226964277777803,9,5,0,1
6.570677391427479,0.05327074555555574,0.0775322294444436,9,5,1,1
6.813073038538817,0.025803583333332842,0.050065067222220705,9,5,0,1
6.477111133894991,0.04575496055555561,0.07001644444444466,9,5,1,1
6.566009745717829,0.05878765055555372,0.08304913444444395,9,5,1,1
6.222319707511363,0.09190898555555312,0.11617046944444098,9,5,1,1
4.6716380773773585,0.6287302205555534,0.6529917044444424,9,5,1,1
6.572388689468872,0.0595601105555564,0.08382159444444426,9,5,0,1
6.630430956585766,0.05245968388888874,0.0767211677777766,9,5,0,1
6.369567937593051,0.02801575555555284,0.05227723944444307,9,5,0,1
6.205783756799632,0.08580037722222282,0.11006186111111305,9,5,1,1
6.340831077110636,0.045877918888886406,0.07013940277777664,9,5,1,1
6.401995641807435,0.08016449222222377,0.10442597611111282,9,5,1,1
6.783712171573879,0.023524684999998158,0.047786168888887204,9,5,0,1
5.904230235533794,0.11783635888888948,0.1420978427777797,9,5,1,1
5.153683006680469,-3.504319776999998,0.20153563725000012,8,19,1,1
3.511848093397864,-2.9190164289999982,0.7868389852500002,8,19,1,1
7.123829429995266,-3.626551244999999,0.07930416925000117,8,19,1,1
7.182920112652463,-0.9832181700000007,0.0,11,18,1,1
5.350309804589661,-0.6282496385000002,0.07808822250000347,9,17,1,1
7.0012698227089105,-0.2354365924999975,0.0,9,16,1,1
8.675119335383796,-0.36356215349999843,0.41065732699999913,10,20,1,1
8.021429803169156,-0.05361274062500243,0.07073031562499921,11,15,1,1
8.374541701540501,-0.34709329520833165,0.5086074908333345,9,20,1,1
8.958741274269007,0.32423633124999895,0.32423633124999895,10,9,1,1
8.330701204740235,0.17109729749999758,0.21265896437499876,10,14,1,1
8.608502884741396,0.12465272749999912,0.1662143943750003,10,14,1,1
8.413380027287126,0.09906579124999837,0.09906579124999837,12,6,1,1
8.369790901670346,0.0950404162500007,0.0950404162500007,12,6,1,1
8.499467973634827,0.08977921125000066,0.08977921125000066,12,6,1,1
8.593204590220369,0.09647023125000231,0.09647023125000231,12,6,1,1
